[
  {
    "name":"Angel Lewis",
    "image": "https://media.licdn.com/mpr/mpr/shrinknp_200_200/p/3/000/0d4/2f7/07a3d35.jpg",
    "location":"Seattle, WA"
  },
  {
    "name":"Justin Dean",
    "image": "https://media.licdn.com/mpr/mpr/shrink_100_100/AAEAAQAAAAAAAAIMAAAAJGExNTE4OWY4LWU4ODMtNDA2ZS1iNWI1LWNkYmIyOWMyMGQ5Zg.jpg",
    "location":"Muscatine, IA"
  },
  {
    "name":"Nora Blake",
    "image": "https://media.licdn.com/mpr/mpr/shrinknp_200_200/p/2/005/0b8/118/387e091.jpg",
    "location":"Seattle, WA"
  },
  {
    "name":"Russell Fox",
    "image": "https://media.licdn.com/mpr/mpr/shrinknp_200_200/p/2/000/084/26e/2d9e05b.jpg",
    "location":"Albuquerque, NM"
  },
  {
    "name":"Daryl Bradley",
    "image": "https://media.licdn.com/mpr/mpr/shrinknp_200_200/p/3/000/042/0ad/197566e.jpg",
    "location":"Buckeystown, MD"
  },
  {
    "name":"Benjamin Gonzales",
    "image": "https://media.licdn.com/mpr/mpr/shrinknp_200_200/p/8/005/0b2/1c9/2a423c1.jpg",
    "location":"Atlanta, GA"
  }]