{"type":"Topology","objects":{"municipalities":{"type":"GeometryCollection","geometries":[
                {"type":"Polygon","id":4401,"properties":{"name":"Arbon"},"arcs":[[0,1,2,3]]},
                {"type":"Polygon","id":4406,"properties":{"name":"Dozwil"},"arcs":[[4,5,6]]},
                {"type":"Polygon","id":4411,"properties":{"name":"Egnach"},"arcs":[[-3,7,8,9,10,11],[12]]},
                {"type":"Polygon","id":4416,"properties":{"name":"Hefenhofen"},"arcs":[[-6,13,14,15,16,17,18]]},
                {"type":"Polygon","id":4421,"properties":{"name":"Horn"},"arcs":[[19]]},
                {"type":"Polygon","id":4426,"properties":{"name":"Kesswil"},"arcs":[[20,-7,-19,21,22,23]]},
                {"type":"Polygon","id":4431,"properties":{"name":"Roggwil (TG)"},"arcs":[[-2,24,-8]]},
                {"type":"Polygon","id":4436,"properties":{"name":"Romanshorn"},"arcs":[[25,-15,26,27]]},
                {"type":"Polygon","id":4441,"properties":{"name":"Salmsach"},"arcs":[[28,-11,29,-16,-26]]},
                {"type":"Polygon","id":4446,"properties":{"name":"Sommeri"},"arcs":[[-22,-18,30,31,32,33]]},
                {"type":"Polygon","id":4451,"properties":{"name":"Uttwil"},"arcs":[[-27,-14,-5,-21,34]]},
                {"type":"Polygon","id":4461,"properties":{"name":"Amriswil"},"arcs":[[-17,-30,-10,35,36,37,-31]]},
                {"type":"Polygon","id":4471,"properties":{"name":"Bischofszell"},"arcs":[[38,39,40,41,42]]},
                {"type":"Polygon","id":4476,"properties":{"name":"Erlen"},"arcs":[[-32,-38,43,44,45,46,47]]},
                {"type":"Polygon","id":4486,"properties":{"name":"Hauptwil-Gottshaus"},"arcs":[[48,-41,49]]},
                {"type":"Polygon","id":4495,"properties":{"name":"Hohentannen"},"arcs":[[50,-39,51,52,-45]]},
                {"type":"Polygon","id":4501,"properties":{"name":"Kradolf-Schönenberg"},"arcs":[[53,-52,-43,54,55,56,57]]},
                {"type":"Polygon","id":4506,"properties":{"name":"Sulgen"},"arcs":[[-46,-53,-54,58,59]]},
                {"type":"Polygon","id":4511,"properties":{"name":"Zihlschlacht-Sitterdorf"},"arcs":[[60,-50,-40,-51,-44,-37]]},
                {"type":"Polygon","id":4536,"properties":{"name":"Basadingen-Schlattingen"},"arcs":[[61,62,63]]},
                {"type":"Polygon","id":4545,"properties":{"name":"Diessenhofen"},"arcs":[[64,65,-64,66,67]]},
                {"type":"Polygon","id":4546,"properties":{"name":"Schlatt (TG)"},"arcs":[[-67,-63,68]]},
                {"type":"Polygon","id":4551,"properties":{"name":"Aadorf"},"arcs":[[69,70,71,72,73]]},
                {"type":"Polygon","id":4561,"properties":{"name":"Felben-Wellhausen"},"arcs":[[74,75,76,77,78]]},
                {"type":"Polygon","id":4566,"properties":{"name":"Frauenfeld"},"arcs":[[79,80,-74,81,82,83,84,85,-76]]},
                {"type":"Polygon","id":4571,"properties":{"name":"Gachnang"},"arcs":[[86,-83]]},
                {"type":"Polygon","id":4590,"properties":{"name":"Hüttlingen"},"arcs":[[87,88,89,-79,90]]},{"type":"Polygon","id":4591,"properties":{"name":"Matzingen"},"arcs":[[91,92,93,-70,-81]]},{"type":"Polygon","id":4601,"properties":{"name":"Neunforn"},"arcs":[[94,95,96]]},{"type":"Polygon","id":4606,"properties":{"name":"Stettfurt"},"arcs":[[97,98,-93,99]]},{"type":"Polygon","id":4611,"properties":{"name":"Thundorf"},"arcs":[[100,101,102,-100,-92,-80,-75,-90]]},{"type":"Polygon","id":4616,"properties":{"name":"Uesslingen-Buch"},"arcs":[[103,-85,104,-96,105]]},{"type":"Polygon","id":4621,"properties":{"name":"Warth-Weiningen"},"arcs":[[106,-77,-86,-104,107,108]]},{"type":"Polygon","id":4641,"properties":{"name":"Altnau"},"arcs":[[109,110,111,112]]},{"type":"Polygon","id":4643,"properties":{"name":"Bottighofen"},"arcs":[[113,114,115,116]]},{"type":"Polygon","id":4646,"properties":{"name":"Ermatingen"},"arcs":[[117,118,119,120,121,122]]},{"type":"Polygon","id":4651,"properties":{"name":"Gottlieben"},"arcs":[[123,-118,124]]},{"type":"Polygon","id":4656,"properties":{"name":"Güttingen"},"arcs":[[-23,-34,125,-110,126]]},{"type":"Polygon","id":4666,"properties":{"name":"Kemmental"},"arcs":[[127,128,129,130,131,132,133,134]]},{"type":"Polygon","id":4671,"properties":{"name":"Kreuzlingen"},"arcs":[[135,-116,136,-135,137,138]]},{"type":"Polygon","id":4681,"properties":{"name":"Langrickenbach"},"arcs":[[-111,-126,-33,-48,139,140,141]]},{"type":"Polygon","id":4683,"properties":{"name":"Lengwil"},"arcs":[[-115,142,-141,143,144,-128,-137]]},{"type":"Polygon","id":4691,"properties":{"name":"Münsterlingen"},"arcs":[[-112,-142,-143,-114,145]]},{"type":"Polygon","id":4696,"properties":{"name":"Tägerwilen"},"arcs":[[146,-138,-134,147,-119,-124,148]]},{"type":"Polygon","id":4701,"properties":{"name":"Wäldi"},"arcs":[[-148,-133,149,150,-120]]},{"type":"Polygon","id":4711,"properties":{"name":"Affeltrangen"},"arcs":[[151,152,153,154,-102,155]]},{"type":"Polygon","id":4716,"properties":{"name":"Bettwiesen"},"arcs":[[156,157,158,159,160]]},{"type":"MultiPolygon","id":4721,"properties":{"name":"Bichelsee-Balterswil"},"arcs":[[[161,162]],[[163,164,165,-72,166]]]},{"type":"Polygon","id":4723,"properties":{"name":"Braunau"},"arcs":[[167,168,169,170,171,-153]]},{"type":"Polygon","id":4724,"properties":{"name":"Eschlikon"},"arcs":[[172,173,-164,174,175]]},{"type":"Polygon","id":4726,"properties":{"name":"Fischingen"},"arcs":[[176,-162,177,-165,-174,178]]},{"type":"Polygon","id":4741,"properties":{"name":"Lommis"},"arcs":[[-155,179,-161,180,-98,-103]]},{"type":"Polygon","id":4746,"properties":{"name":"Münchwilen (TG)"},"arcs":[[181,182,-176,183,-159]]},{"type":"Polygon","id":4751,"properties":{"name":"Rickenbach (TG)"},"arcs":[[184,185]]},{"type":"Polygon","id":4756,"properties":{"name":"Schönholzerswilen"},"arcs":[[-57,186,-169,187,188]]},{"type":"Polygon","id":4761,"properties":{"name":"Sirnach"},"arcs":[[189,190,191,-179,-173,-183]]},{"type":"Polygon","id":4776,"properties":{"name":"Tobel-Tägerschen"},"arcs":[[-172,192,-157,-180,-154]]},{"type":"Polygon","id":4781,"properties":{"name":"Wängi"},"arcs":[[-181,-160,-184,-175,-167,-71,-94,-99]]},{"type":"Polygon","id":4786,"properties":{"name":"Wilen (TG)"},"arcs":[[-185,193,-191,194]]},{"type":"Polygon","id":4791,"properties":{"name":"Wuppenau"},"arcs":[[-56,195,-170,-187]]},{"type":"Polygon","id":4801,"properties":{"name":"Berlingen"},"arcs":[[196,197,198,199]]},{"type":"Polygon","id":4806,"properties":{"name":"Eschenz"},"arcs":[[200,201,202,203,204]]},{"type":"Polygon","id":4811,"properties":{"name":"Herdern"},"arcs":[[205,-109,206,207,208]]},{"type":"Polygon","id":4816,"properties":{"name":"Homburg"},"arcs":[[209,210,211,212,-209,213,214]]},{"type":"Polygon","id":4821,"properties":{"name":"Hüttwilen"},"arcs":[[-202,215,-207,-108,-106,-95,216,217]]},{"type":"Polygon","id":4826,"properties":{"name":"Mammern"},"arcs":[[218,-214,-208,-216,-201,219]]},{"type":"Polygon","id":4831,"properties":{"name":"Müllheim"},"arcs":[[-88,220,-212,221]]},{"type":"Polygon","id":4841,"properties":{"name":"Pfyn"},"arcs":[[-221,-91,-78,-107,-206,-213]]},{"type":"Polygon","id":4846,"properties":{"name":"Raperswilen"},"arcs":[[222,-121,-151,223,-210,224,-198]]},{"type":"Polygon","id":4851,"properties":{"name":"Salenstein"},"arcs":[[-122,-223,-197,225]]},{"type":"Polygon","id":4864,"properties":{"name":"Steckborn"},"arcs":[[-199,-225,-215,-219,226]]},{"type":"Polygon","id":4871,"properties":{"name":"Wagenhausen"},"arcs":[[-203,-218,227,-65,228]]},{"type":"Polygon","id":4881,"properties":{"name":"Amlikon-Bissegg"},"arcs":[[229,230,231,-156,-101,-89,232]]},{"type":"Polygon","id":4891,"properties":{"name":"Berg (TG)"},"arcs":[[233,234,235,-129,-145]]},{"type":"Polygon","id":4901,"properties":{"name":"Birwinken"},"arcs":[[-144,-140,-47,-60,236,-234]]},{"type":"Polygon","id":4911,"properties":{"name":"Bürglen (TG)"},"arcs":[[-59,-58,-189,237,238,-235,-237]]},{"type":"Polygon","id":4921,"properties":{"name":"Bussnang"},"arcs":[[-238,-188,-168,-152,-232,239]]},{"type":"Polygon","id":4941,"properties":{"name":"Märstetten"},"arcs":[[240,-230,241,-131]]},{"type":"Polygon","id":4946,"properties":{"name":"Weinfelden"},"arcs":[[-236,-239,-240,-231,-241,-130]]},{"type":"Polygon","id":4951,"properties":{"name":"Wigoltingen"},"arcs":[[-150,-132,-242,-233,-222,-211,-224]]}]}},"arcs":[[[91530,40990],[-467,-289],[-823,-1370],[-434,-1472],[-676,264]],[[89130,38123],[447,1049],[-1021,195],[-721,2078],[449,718],[-492,851],[940,-44],[-200,952],[251,867],[-1315,1061],[217,1155],[-387,470]],[[87298,47475],[217,1840],[436,588]],[[87951,49903],[1810,-3064],[87,-567],[947,-1103],[243,293],[781,-855],[225,-854],[-554,-1124],[40,-1639]],[[78600,63998],[-123,-664],[461,-673],[-653,-726],[-84,-833]],[[78201,61102],[-578,377],[-638,-629],[-158,485],[-891,-1276],[256,1585]],[[76192,61644],[620,227],[353,2349],[395,-124],[364,908],[676,-1006]],[[87298,47475],[-954,212],[-559,-924],[67,-1405],[-357,-1763],[324,-957],[-558,-744],[-1270,394],[-997,-2954]],[[82994,39334],[-757,796],[-203,-1179],[-1241,434],[-524,597],[-589,-273],[215,1274],[570,26],[627,1318],[-299,120],[557,1226],[621,274],[86,1037],[-1553,121],[-605,1400],[244,808],[-94,1507]],[[80049,48820],[-119,824],[-987,493],[38,491],[-1101,790],[186,619]],[[78066,52037],[2049,1272],[1805,288],[1093,-563],[662,1184],[1423,1058]],[[85098,55276],[430,-846],[-106,-784],[443,-1145],[2086,-2598]],[[81703,42407],[551,-1020],[109,753],[-660,267]],[[78201,61102],[202,-762],[-312,-1732],[351,-164]],[[78442,58444],[55,-1829],[670,-231],[91,-2005]],[[79258,54379],[-7,-540],[-935,107],[-11,-1502],[-365,-69]],[[77940,52375],[-1144,702],[-288,2956],[-1195,-40],[-508,1257]],[[74805,57250],[-41,2611],[482,1071],[36,2118]],[[75282,63050],[492,19],[418,-1425]],[[93179,39015],[2193,-1550],[972,-1956],[-1443,-1541],[180,1112],[-1521,641],[81,512],[-631,611],[169,2171]],[[79080,67377],[-658,-1289],[373,-902],[-195,-1188]],[[75282,63050],[-242,497]],[[75040,63547],[176,1811],[666,1857],[-649,942],[776,1665],[777,130],[185,561]],[[76971,70513],[1455,-2351],[654,-785]],[[89130,38123],[-719,-1291],[-424,33],[-258,-2052],[-383,-368],[173,-1142],[-684,-2224],[-623,408],[-426,1794],[-317,-70],[-532,1346],[-564,160],[-1014,-648],[613,1625],[-606,674],[673,734],[18,1961],[-1063,271]],[[84954,56450],[-1854,0],[-376,-856],[-1270,-176],[240,-990],[-2242,547],[-194,-596]],[[78442,58444],[302,615],[619,-131],[634,794],[647,1906],[364,-584],[919,1685],[226,1420]],[[82153,64149],[2790,-2770],[381,-1340],[-425,-46],[287,-865],[-232,-2678]],[[84954,56450],[144,-1174]],[[78066,52037],[-126,338]],[[74805,57250],[-655,-113],[-629,1608],[-803,14],[-109,525],[-1394,846]],[[71215,60130],[-174,654]],[[71041,60784],[60,1326],[1112,418],[168,1226]],[[72381,63754],[376,716],[976,-249],[337,-884],[340,479],[630,-269]],[[79080,67377],[1375,-1581],[1698,-1647]],[[80049,48820],[-166,-913],[-1015,221],[-112,-392],[-1135,957],[-845,-1236],[95,-1701],[-680,1129],[-539,214],[-165,-722],[-924,-431]],[[74563,45946],[-214,783],[-570,-741],[-223,648],[-619,-692],[-243,1741],[-848,1175],[-2349,-193]],[[69497,48667],[372,984],[-610,2389],[236,2968],[1191,429],[-271,2080],[219,-88],[-89,2157],[670,544]],[[64258,41422],[558,-1233],[19,-957],[929,-1642],[376,-240],[677,904],[-99,606],[673,1264]],[[67391,40124],[515,157],[212,-1261],[599,-892],[552,1923],[320,-140]],[[69589,39911],[50,-908],[871,-1857],[-1389,-1823],[-46,-1726],[-1014,-707]],[[68061,32890],[-815,-4],[36,683],[-951,396],[-735,-227],[-619,-1495],[-513,318],[-284,2098],[382,801],[-1309,-91],[-1105,1240],[-770,-482],[-246,1896],[-386,-106]],[[60746,37917],[84,2135],[357,1070],[1218,1190],[190,1014],[513,143],[804,-1231],[-54,-941],[400,125]],[[69497,48667],[-591,-614]],[[68906,48053],[-618,-12],[-232,1665],[-1622,-328]],[[66434,49378],[-5,858],[-474,714],[-1405,-286],[-1015,144],[-231,814],[933,999],[373,1333],[-359,1005],[286,1559]],[[64537,56518],[757,327],[772,-304],[1303,1303],[-349,1197],[1022,853],[-81,454],[915,680]],[[68876,61028],[661,451],[227,990],[119,-1187],[615,-377],[-155,991],[323,513],[375,-1625]],[[76137,39562],[348,-1459],[773,1008],[412,-1143],[-44,-2053],[-536,-1404],[-1941,-2802],[-1278,858],[-109,723],[-680,256],[-335,-1148],[-1341,-839],[-442,-646],[-1951,367],[-275,1329],[-677,281]],[[69589,39911],[1031,-71],[577,539],[1105,-1397],[830,1739],[465,-1962],[1047,-1029],[211,414],[816,-485],[-143,1104],[609,799]],[[68906,48053],[-643,-1390],[-10,-1384],[-464,-994],[335,-2856],[-733,-1305]],[[64258,41422],[32,3409],[868,1128],[-56,973],[-478,872]],[[64624,47804],[1810,1574]],[[60148,48573],[500,-1528],[659,1271],[298,-558],[1651,551],[313,-634],[1055,129]],[[60746,37917],[-478,-755],[-538,1149],[339,1518],[-449,-582],[-276,847]],[[59344,40094],[-1648,-670]],[[57696,39424],[-282,607],[663,1024],[258,1158],[704,620],[129,1070],[-593,-120],[-482,635],[97,2107],[-198,1344],[476,606],[-73,757]],[[58395,49232],[644,572],[57,814],[521,-533],[531,-1512]],[[60148,48573],[397,280],[-890,3764],[181,2632],[780,375],[899,-542],[471,1312],[563,423],[-1,667],[745,679]],[[63293,58163],[569,-1106],[377,295],[298,-834]],[[74563,45946],[-1340,-633],[317,-711],[-287,-1224],[-362,-156],[98,-1209],[-594,931],[-779,-435],[318,-1218],[1090,-549],[1295,154],[937,1709],[388,79],[83,1012],[969,-1605],[607,-212],[-190,-1036],[-695,-4],[-281,-1277]],[[15541,90457],[-1190,121],[-307,-3187],[-1154,-1960],[-919,399],[-1293,-2232],[-1651,-1105],[-103,963],[-1332,-195]],[[7592,83261],[-323,550],[36,1856],[322,464],[-1056,354],[96,3095],[-489,2122]],[[6178,91702],[386,551],[-150,911],[1124,-320],[937,513],[495,796],[426,-83],[-81,987],[871,-307],[29,-606],[939,147],[-6,830],[917,-253],[-246,-1475],[907,-956],[-111,-863],[1398,430],[118,311],[1428,-747],[-18,-1111]],[[15559,93954],[116,-2409],[751,-600],[-387,-511]],[[16039,90434],[-498,23]],[[6178,91702],[-618,2176],[-40,826],[-851,-719],[-229,1242],[41,2185],[-380,95],[-118,1380]],[[3983,98887],[675,-706],[985,14],[1078,900],[1033,49],[2941,-1095],[1050,-976],[833,-1536],[2069,-1946],[912,363]],[[7592,83261],[-733,345],[-677,-613],[-777,945],[-571,-673],[-1087,1548],[-1316,775],[-375,1684],[-498,662],[-422,2111],[159,1149],[-257,1400],[-867,919],[-171,911],[272,2252],[847,744],[1448,2579],[1416,-1112]],[[29044,48265],[-502,-352],[362,-1627],[-79,-2010],[265,-1413],[1530,-693],[484,-1311],[211,483]],[[31315,41342],[497,-704],[835,-2279],[-1547,-584],[-281,-1704],[-438,74],[-127,-857],[424,-147],[132,-1265],[412,93],[-34,-1383],[813,-872],[123,-1009]],[[32124,30705],[-165,-912],[-561,-344],[179,-1669],[-400,205],[27,-1729],[-862,254],[-30,1043],[-1162,-406],[194,793],[-981,300],[-242,-1351],[-1005,478]],[[27116,27367],[-474,342],[-124,1537],[-827,270],[96,1060],[-425,349],[462,731],[66,1475],[1448,1033],[-93,872],[-461,168],[67,3819],[440,1376],[5,3979],[-247,559],[438,1441],[-1329,1310]],[[26158,47688],[393,682],[-219,669],[316,1016],[808,44],[944,1395],[494,-1555],[150,-1674]],[[35491,58593],[-480,298],[-701,-398],[-424,513],[-641,-758],[-827,82]],[[32418,58330],[-314,1364],[-1269,136],[-100,1438],[-428,-441],[-799,5095]],[[29508,65922],[220,136]],[[29728,66058],[1892,153],[2099,663]],[[33719,66874],[498,-3022],[300,192],[255,-3808],[487,-383],[232,-1260]],[[32418,58330],[180,-1318],[505,-968],[-933,-1102]],[[32170,54942],[-567,148],[-737,-2015],[27,-2956],[-528,-1243],[142,-764],[-1471,-134],[8,287]],[[26158,47688],[-494,359],[-386,-809],[-1479,1129]],[[23799,48367],[490,977],[-501,909],[78,1413],[429,605],[936,245],[-435,687],[37,1015],[-593,540],[90,1803],[-427,107],[-576,1268],[153,2063],[-1096,522],[-581,-1759]],[[21803,58762],[-815,-138],[52,846],[-659,-148],[-58,1744]],[[20323,61066],[285,1431],[1100,354]],[[21708,62851],[794,-26],[3007,668],[1286,656],[2713,1773]],[[23799,48367],[-1457,123],[-1750,624],[27,1384],[-813,1813],[-722,4063],[148,477],[1119,-69],[373,852],[1081,213],[-2,915]],[[37755,67013],[930,-514],[3106,-2195]],[[41791,64304],[-35,-1645],[-719,-490],[-353,-1788],[271,-494],[-198,-1934],[-975,-39]],[[39782,57914],[-756,1549],[-1120,757],[-1,-1112],[-1438,-329],[-547,-524],[-429,338]],[[33719,66874],[2079,235],[1957,-96]],[[32170,54942],[-137,-1175],[735,-1235],[-373,-1135]],[[32395,51397],[214,-1150],[635,-1674],[-113,-902],[-755,-551],[793,-2785],[-999,-1035],[156,-425]],[[32326,42875],[-1011,-1533]],[[16207,72653],[228,-2295],[517,-655]],[[16952,69703],[-729,-731],[-61,-1200],[-433,-907],[-261,-1421]],[[15468,65444],[-3617,2187],[-664,259],[-1647,-157],[-299,1318],[359,1095],[-569,779],[-236,1518],[-294,223],[102,1277],[655,200],[68,2835],[1208,-1595],[654,400],[1003,-937],[489,-76],[1877,-2005],[-185,-1654],[1709,-666],[126,2208]],[[37375,48416],[-928,-980],[-445,173],[-258,-928],[102,-1805],[729,-1779]],[[36575,43097],[-616,-307],[-1095,451],[-955,-1439],[-604,758],[-979,315]],[[32395,51397],[1220,65],[238,-881],[1321,-90],[1289,-712],[-37,-795],[949,-568]],[[39782,57914],[362,-2579],[-411,-1618],[-518,-742],[991,258],[153,-962],[577,-97]],[[40936,52174],[324,-1157],[-257,-1175]],[[41003,49842],[-605,-567],[-1436,-202],[-318,323],[-447,-839],[-822,-141]],[[23238,69865],[-244,-4157],[-1323,-28],[199,-972],[-162,-1857]],[[20323,61066],[-944,876],[-116,-815],[-873,596],[-664,-973],[-1116,480],[85,875],[-404,221],[171,1399],[-606,317],[581,815],[-969,587]],[[16952,69703],[332,724],[830,239],[208,950],[622,558],[-97,757],[799,-146],[501,1059],[628,-1565],[838,-1293],[809,185],[52,-958],[764,-348]],[[29037,67854],[691,-1796]],[[23238,69865],[2313,-785],[377,824]],[[25928,69904],[1825,-581],[1069,-823],[215,-646]],[[73044,75620],[-718,-1040],[-179,-806],[243,-1096],[-393,-1169],[-42,-1355],[466,-1133],[-487,-253],[-482,-2015],[-670,-921]],[[70782,65832],[-509,-176],[140,1050],[-456,1454],[347,484],[-1560,3210],[299,424],[-333,1238],[-692,1070],[179,336]],[[68197,74922],[389,1011],[553,-405],[281,512],[739,-298],[936,1810]],[[71095,77552],[306,109],[1643,-2041]],[[65705,82331],[-426,-1184],[562,-949],[-504,-717],[461,-536],[-129,-811],[-662,-542],[-136,-670]],[[64871,76922],[-177,998],[-847,1277],[-413,-1030],[-265,1913]],[[63169,80080],[464,930],[471,3043]],[[64104,84053],[685,124],[226,-965],[690,-881]],[[53441,90521],[588,-458]],[[54029,90063],[-522,-2077],[-878,-985],[400,-1572],[-695,-1957],[-95,-2133]],[[52239,81339],[-727,253],[-774,986],[-369,-366],[-888,488],[-467,727],[-553,-13]],[[48461,83414],[-373,773]],[[48088,84187],[-52,838],[722,1327],[-102,1971],[-737,539],[406,810],[-1441,2028],[522,1700]],[[47406,93400],[466,-45],[699,-1067],[855,1201],[852,-505],[178,-1019],[543,-1062],[948,-370],[924,243],[570,-255]],[[56141,89897],[-2112,166]],[[53441,90521],[1130,357],[1570,-981]],[[72381,63754],[-1017,478],[-64,-878],[-478,155],[247,1220],[-287,1103]],[[73044,75620],[2220,-2089],[1006,-2040],[701,-978]],[[60279,76949],[-139,-360],[749,-998],[186,-1360],[397,-236],[32,-1844]],[[61504,72151],[-198,-6],[-622,-2509],[-266,11],[45,-1986],[-350,-620],[-774,-121],[-319,569],[-439,-894],[-1362,751],[-433,-1419]],[[56786,65927],[-1173,397],[-238,-891],[-1077,-590],[-490,472],[-847,-294],[-212,686]],[[52749,65707],[-355,295],[321,2197],[-468,327],[-871,-333],[178,3269]],[[51554,71462],[-54,1187]],[[51500,72649],[365,408],[585,2255],[1256,1787],[-354,270]],[[53352,77369],[433,1044],[28,1150],[892,1016],[831,-285],[734,216]],[[56270,80510],[749,-1430],[1173,-1683],[1003,-478],[-138,830],[-576,416],[843,3082],[966,-1253],[-249,-925],[504,-878],[-266,-1242]],[[61279,87610],[-143,-1149],[573,175],[741,-1662],[826,24],[828,-945]],[[63169,80080],[-367,349],[-184,-828],[-679,266],[-688,-3223],[-972,305]],[[56270,80510],[500,1473],[61,988],[415,504],[69,1036],[1305,1689],[-69,1300],[447,1541]],[[58998,89041],[887,-1796],[634,-244],[760,609]],[[68876,61028],[-229,1900],[-601,-304],[-714,2379],[34,1912],[-1268,544],[-121,680],[-689,-177]],[[65288,67962],[-52,488],[869,1001],[-486,833],[393,673],[-727,2360],[36,1817],[320,192]],[[65641,75326],[447,-375],[828,1458],[501,-766],[256,490],[524,-1211]],[[64871,76922],[487,-397],[-185,-777],[468,-422]],[[65288,67962],[-1300,-413],[-171,1023]],[[63817,68572],[49,910],[-799,1225],[-379,-570],[-371,943],[-813,1071]],[[65705,82331],[552,-1224],[813,249],[465,-858],[729,-63],[1006,-745],[352,-690],[1473,-1448]],[[58363,90780],[635,-1739]],[[53352,77369],[-649,731],[-464,3239]],[[56141,89897],[1069,955],[1153,-72]],[[51500,72649],[-361,1454],[-3338,51],[-2267,-1008],[-576,1543],[508,584],[-35,1217],[554,931]],[[45985,77421],[782,1764],[-471,1812],[561,-611],[348,598],[828,259],[428,2171]],[[44850,54420],[-491,-1733],[290,-736],[936,593],[1689,-259],[-81,558],[922,641],[511,-1671],[46,-1220],[401,210],[94,-1205],[579,-869],[36,-1374],[-467,-256],[124,-2191],[232,-459]],[[49671,44449],[-677,25],[-150,681],[-1274,101]],[[47570,45256],[-344,-331],[-745,1029],[-536,-633],[-609,197],[-197,1110],[-1874,-852],[-737,-1733],[-641,-289],[-476,-841]],[[41411,42913],[-460,2487],[328,267],[-294,1797],[-568,415],[399,458],[187,1505]],[[40936,52174],[1400,1535],[484,-637],[1044,1313],[986,35]],[[40817,40531],[-148,-949],[917,-348],[812,717],[499,-654],[448,257],[415,-595],[637,13],[175,-1422]],[[44572,37550],[-714,-1381],[-1896,-1007],[-332,564],[-630,-177]],[[41000,35549],[-564,3160],[-476,226],[-426,-914],[-405,31]],[[39129,38052],[-486,1520]],[[38643,39572],[1192,1748],[797,-186],[185,-603]],[[29932,17797],[-750,-1432]],[[29182,16365],[-603,1027],[327,828],[339,-785],[687,362]],[[33308,28926],[452,-1029],[-326,-965],[65,-1517],[-362,-798],[471,-407],[-638,-856],[396,-886]],[[33366,22468],[-561,-1613],[1009,-2008],[-772,-1119],[585,-549],[-648,-172],[-677,727],[-989,-228]],[[31313,17506],[228,1171],[-1317,-203],[-424,479],[-860,68],[-485,675],[-501,1708],[741,1222],[-633,1656],[-380,266],[-576,1887],[10,932]],[[32124,30705],[134,-863],[431,208],[619,-1124]],[[49671,44449],[954,-382],[363,-748],[56,-1505]],[[51044,41814],[13,-822]],[[51057,40992],[-141,-1188],[-1000,-1190],[-585,-1298]],[[49331,37316],[-870,-871],[-468,133],[-732,-615],[-215,534],[-831,-1593],[-210,832],[-434,-161],[-912,2026]],[[44659,37601],[557,905],[-630,1653],[227,219],[-48,1845],[1068,623],[210,541],[696,-17],[320,-977],[1067,-884],[510,488],[-581,866],[-27,1180],[-458,1213]],[[37611,29007],[-256,-503],[-85,-1975],[-882,-288],[-400,-717],[132,-922],[632,-605],[28,-1394]],[[36780,22603],[-74,-552],[-1050,180],[150,-1162],[-815,437],[-1518,-153],[-107,1115]],[[33308,28926],[131,1000],[583,-333],[1076,746]],[[35098,30339],[664,-1309],[708,504],[1141,-527]],[[39472,18523],[-607,-1610],[-441,133],[-49,-1675],[270,-570],[-209,-2902],[-205,-863],[-799,355],[-631,-510],[-471,-2015],[221,-1415],[-450,-2124],[-345,-517],[-371,-2013],[-891,495],[-307,-1509],[-1069,-962],[-277,-821],[-370,1119],[323,2127],[-1711,2423],[-198,738],[-873,1043],[-1909,876],[127,934],[926,2285],[244,1849],[-406,1342],[430,1242],[-242,387]],[[29932,17797],[1381,-291]],[[36780,22603],[297,40],[1274,-2059],[577,-133],[544,-1928]],[[41411,42913],[-719,-996],[125,-1386]],[[38643,39572],[-330,68],[-723,2080],[-713,-122],[-302,1499]],[[41000,35549],[-70,-853],[-949,-1824],[616,-393],[74,-2128],[1819,-1222],[657,-656],[-187,-1716]],[[42960,26757],[-1204,2362],[-463,473],[-2285,348],[-1138,719],[-259,-1652]],[[35098,30339],[567,1241],[-195,1557],[875,811],[557,-973],[146,1205],[836,1788],[-1,616],[863,-267],[-191,742],[574,993]],[[44101,20536],[368,808],[-530,-71],[-46,807],[822,2289]],[[44715,24369],[694,-225],[658,-1386],[959,-669],[-682,-276],[217,-728],[-691,-203],[-660,531],[-560,-1283],[-549,406]],[[57696,39424],[-838,-2143],[-890,-304],[-422,1100],[186,950],[-712,1322],[-93,1073],[-481,-798],[-1090,-879],[-375,437],[628,924],[-257,1397],[-605,347],[-874,-974],[-453,-1185],[-363,301]],[[51044,41814],[806,400],[-384,2683],[243,1440],[-172,555],[738,-197],[659,685],[1287,-584],[254,-905],[850,255],[161,863],[587,110],[17,1927],[346,324]],[[56436,49370],[420,-1035],[1302,349],[237,548]],[[42960,26757],[-129,-1172]],[[42831,25585],[-340,-953],[-6,-1629],[366,-523],[-861,-1314],[196,-615]],[[42186,20551],[-394,-1516],[-1838,-810],[-482,298]],[[44659,37601],[-87,-51]],[[44101,20536],[-34,-1513],[-504,1040],[-688,-983],[-689,1471]],[[42831,25585],[918,-874],[966,-342]],[[59344,40094],[-630,-1287],[239,-1008],[-492,-2179],[-596,-889],[-819,-75],[-564,-690],[-577,411],[-1559,-664],[89,-690],[-1048,-562],[-370,1514],[-1802,-143],[-879,-493],[-1005,3977]],[[44802,93017],[-5,-954],[-957,305],[790,-1979],[-262,-424],[158,-1758],[-130,-967]],[[44396,87240],[-1004,408]],[[43392,87648],[-339,212],[-523,1544],[-889,595],[-549,1235],[-834,-151],[-266,1636]],[[39992,92719],[1110,375],[226,526],[798,225],[384,-650],[1454,412],[838,-590]],[[27083,84063],[-43,-3756],[513,-1432]],[[27553,78875],[-416,-667],[205,-1166],[-1348,-1189],[-171,-422],[-1794,1001],[-1064,1157],[27,605],[-1874,566],[-52,784],[-462,-182],[-301,1633]],[[20303,80995],[744,654],[726,-54],[-33,1912],[-319,1330],[391,1057]],[[21812,85894],[792,-313],[628,1759]],[[23232,87340],[1194,-1024],[338,608],[774,-335],[243,-1020],[764,-1348],[538,-158]],[[34916,78719],[-588,-1921],[-274,263],[-1313,-1078],[-139,-561],[389,-1885],[-1130,-648],[-788,210],[-227,-691],[80,-2102],[-280,-1043],[-781,-677],[-683,-78],[-145,-654]],[[25928,69904],[-104,1728],[376,782],[805,10],[-687,1328],[388,989],[1388,1389],[463,1167],[706,69],[-623,1706],[-716,238]],[[27924,79310],[322,282],[1136,-192],[207,1577],[1502,968]],[[31091,81945],[79,-726],[881,-404],[310,-930],[1068,11],[588,-695],[457,161],[442,-643]],[[43324,87237],[-15,-484],[780,43],[-580,-750],[-267,-1268],[527,411],[168,-1354],[-223,-1331],[178,-823],[-908,-1740],[-54,-561],[-1099,-1733],[203,-978]],[[42034,76669],[-92,-166]],[[41942,76503],[-1190,-337],[-471,-673],[-1774,-436],[-129,-1228],[261,-507],[-1158,-311]],[[37481,73011],[26,500],[-1962,76],[-254,2207],[373,691],[-185,1562],[-563,672]],[[31091,81945],[269,-37],[2202,3758]],[[33562,85666],[1099,-72],[985,-928],[293,744],[1088,156],[891,-371],[145,1376],[592,-617],[907,519],[617,-407],[-101,876],[1263,338],[483,-1078],[198,1222],[1302,-187]],[[27553,78875],[371,435]],[[16207,72653],[100,1761],[1080,1101],[-293,546],[367,743],[-343,405],[197,1490],[815,594],[530,1438],[92,1016]],[[18752,81747],[1551,-752]],[[33480,87351],[82,-1685]],[[27083,84063],[1427,-48],[1108,1230],[708,-587],[1051,1794],[729,-109],[1374,1008]],[[37755,67013],[-202,1788],[-72,4210]],[[41942,76503],[375,-450],[78,-1162],[-245,-1257],[541,155],[347,-1423],[-992,-687],[-1424,-2105],[731,-369],[-177,-982],[-817,-1420],[197,-936],[846,494],[608,-737],[-219,-1320]],[[44396,87240],[190,-696],[1052,-404],[144,-2242],[556,424],[342,-609],[434,918],[696,169],[278,-613]],[[45985,77421],[-854,276],[-3097,-1028]],[[43324,87237],[68,411]],[[44802,93017],[496,489],[2108,-106]],[[33480,87351],[978,797],[442,-268],[1237,1364],[156,1176],[668,118],[762,1437],[568,-330],[1124,1148],[577,-74]],[[18752,81747],[248,1000],[-132,2005],[-2573,1717],[-61,3638],[-195,327]],[[15559,93954],[435,626],[889,-455],[829,340],[1594,-1007],[955,-1296],[332,-1699],[1621,-1388],[-1101,-2301],[699,-880]],[[45483,62178],[936,-302],[142,989],[934,-35],[660,-497],[-172,-458],[676,-453]],[[48659,61422],[-763,-1626]],[[47896,59796],[-413,-1125],[414,-415],[-243,-1237],[-649,-1158],[-890,-424],[-225,-1210],[-1040,193]],[[41791,64304],[2371,-1909],[1321,-217]],[[63817,68572],[-1021,-58],[-907,-1422],[91,-3121],[333,-1848],[657,-328]],[[62970,61795],[-501,-1784],[-1129,-1055],[-355,492],[-81,1151],[-819,-485],[21,-1875],[-774,58],[-101,-1158],[-1335,857],[-1398,-81]],[[56498,57915],[85,1260],[-563,-6],[255,2556],[666,-194],[-309,1903],[269,758],[-115,1735]],[[63293,58163],[-99,795],[370,1460],[-334,1724],[-260,-347]],[[56436,49370],[-492,1871],[-860,390],[39,1091],[456,438],[-754,508],[100,426]],[[54925,54094],[689,3877],[884,-56]],[[47896,59796],[1366,-1725],[815,-762],[1386,-671],[2571,-2293],[891,-251]],[[52749,65707],[-409,-505],[-1285,591],[-1108,-1365],[-1288,-3006]],[[45483,62178],[-135,2341],[528,847],[284,3935],[809,83],[724,874],[644,-151],[1391,582],[513,516],[1313,257]],[[61279,87610],[588,490],[1900,-664],[1406,-73],[4975,1130],[16471,-12008],[12028,-21545],[1352,-537],[-8469,-13413]],[[23232,87340],[471,322],[652,-654],[797,331],[777,-609],[1084,-1535],[920,166],[565,602],[1708,795],[598,626],[1749,323],[577,1033],[1851,1489],[894,1076],[687,402],[632,1416],[1184,554],[1101,931],[1583,1915],[763,635],[1154,33],[2378,-1207],[3252,-1262],[1820,386],[982,-572],[2217,-2916],[2746,-1391],[840,1046],[1149,-495]]],"transform":{"scale":[0.000008387873270200196,0.000003196536635632337],"translate":[8.668169023656166,47.37583703579061]}}